read	status	original_length_bp	trimmed_length_bp	removed_5p_bp	removed_3p_bp	removed_5p_sequence	removed_3p_sequence	removed_primary_aligned_bases
SRR18362010.1170	trimmed	16230	16191	27	12	TTGTACTTCGTTCAGTTACGTATTGCT	AGCAATACGTAA	0
SRR18362010.1444	trimmed	16171	16143	28	0	ATTGTACTTCGTTCAGTTACGTATTGCT		0
SRR18362010.1626	trimmed	8642	8614	28	0	ATTGTACTTCGTTCAGTTACGTATTGCT		0
SRR18362010.2037	trimmed	6758	6722	24	12	TTGTCTTCGTTAGTTACGTATTGC	AGCAATACGTAA	0
SRR18362010.2426	trimmed	1246	1234	0	12		AGCAATACGTAA	0
SRR18362010.2513	trimmed	10735	10702	33	0	ACTTCATTGTACTTCGTTCAGTTACGTATTGCT		0
SRR18362010.2638	unchanged	452	452	0	0			0
SRR18362010.2991	trimmed	6865	6825	28	12	ATTGTACTTCGTTCAGTTACGTATTGCT	AGCAATACGTAA	5
SRR18362010.3330	trimmed	7943	7902	26	15	ATTGTACTTCGTTCAGTTACGCATGC	AGCAATACGTAACTA	0
SRR18362010.3362	trimmed	16217	16174	29	14	GACATACTTTACGTTCAGTTACGTATTGC	AGCAATACGTAACC	0
SRR18362010.3409	unchanged	16196	16196	0	0			0
SRR18362010.359	trimmed	1514	1488	26	0	ATTGTACTTCGTTGGTTACGTATTGC		0
SRR18362010.3665	unchanged	16186	16186	0	0			0
SRR18362010.4579	trimmed	31803	31758	29	16	GGTATTACTTCGTTCAGTTACGTATTGCT	AGCAATACGTAACTTG	0
SRR18362010.5523	trimmed	16306	16269	22	15	CTTCGTTCAGTTACGTATTGCT	AGCAATACGTAACTA	0
SRR18362010.556	trimmed	16262	16234	28	0	GATGTACTTCGTTCAGTTACGTATTGCT		0
SRR18362010.5586	trimmed	16204	16176	28	0	ATTGTACTTCGTTCAGTTACGTATTGCT		0
SRR18362010.5769	unchanged	4654	4654	0	0			0
SRR18362010.6194	trimmed	16771	16743	28	0	ATTGTACTTCGTTCAGTTACGTATTGCT		0
SRR18362010.6440	trimmed	12579	12541	26	12	TTATTATACGTTCAGTTACGTATTGC	AGCAATACGTAA	0
SRR18362010.6444	trimmed	16259	16232	27	0	TTGTACTTCGTTCAGTTACGTATTGCT		0
SRR18362010.6607	unchanged	6926	6926	0	0			0
SRR18362010.691	trimmed	9317	9290	27	0	TTGTACTTCGTTCAGTTACGTATTGCT		1
SRR18362010.7109	trimmed	2997	2969	28	0	ATTGTGCTTCGTTCAGTTACGTATTGCT		0
SRR18362010.7136	trimmed	11251	11223	28	0	GATGTGCTTCGTTCCAGTTACGTATTGC		0
SRR18362010.7156	trimmed	16254	16227	27	0	AGTATGCTTCGTTCAGTTACGTATTGC		0
SRR18362010.7755	trimmed	16232	16204	28	0	AGTAATACTTCGTTCAGTTACGTATTGC		0
SRR18362010.7826	trimmed	16227	16201	26	0	AGTACTTCGTTCAGTTACGTATTGCT		0
SRR18362010.8059	trimmed	8420	8391	29	0	CAATTGTACTTCGTTAGTTACGTATTGCT		0
SRR18362010.816	unchanged	1402	1402	0	0			0
SRR18362010.8428	trimmed	16247	16219	28	0	ATTGTACTTCGTTCAGTTACGTATTGCT		0
SRR18362010.850	trimmed	12355	12326	29	0	AAATTGTACTTCGTTCAGTTACATATTAC		0
SRR18362010.8539	trimmed	16211	16184	27	0	GTGTACTTCGTTCAGTTACGTATTGCT		0
SRR18362010.8559	trimmed	12156	12113	29	14	GATCCTTACTTCGTTCAGTTACGTATTGC	AGCAATACGTAACC	0
SRR18362010.8807	trimmed	16226	16198	28	0	AGTGTACTTCGTTCAGTTACGTATTGCT		0
SRR18362010.9275	trimmed	5077	5051	26	0	TGTACTTCGTTCAGTTACGTATTACT		0
SRR18362010.9704	trimmed	15588	15566	22	0	CTGCGTTCGGTTACGTATTGCT		0
SRR18362010.9855	unchanged	9237	9237	0	0			0
